id,age,gmail,profession,city,state,country,latitude,longitude
28,(223) 692-6221,gmail,Planning Director,Ulpozi,AZ,NE,-74.61897,152.16858
56,(256) 607-7589,gmail,Product Manager,Datmiruf,MS,GH,32.46726,-167.77519
28,(968) 927-2942,gmail,Managing Partner,Itzupnir,IN,PS,-35.68292,-149.68989
53,(835) 202-6550,gmail,Economist,Baurivo,MA,SY,35.40762,-50.90459
51,(982) 230-2595,gmail,Podiatrist,Hakebu,HI,BT,39.44278,104.08914
55,(415) 421-4035,gmail,Horticulturist,Pemtifuc,TX,AI,-16.85713,150.94573
27,(678) 269-7276,gmail,Graphic Designer,Ajfudgin,OR,WF,-20.62917,-138.11785
29,(465) 293-2456,gmail,Veterinarian,Olazueb,OK,NR,-18.61675,-177.65008
46,(428) 386-1779,gmail,Occupational Therapist,Zapafape,DC,AX,-84.31245,-13.99792
50,(565) 568-3075,gmail,Cruise Director,Kebdedpe,AR,BN,14.89197,137.12228
22,(252) 652-9052,gmail,Agent,Jabmeaj,VA,BJ,10.25111,97.83933
43,(610) 310-6483,gmail,Communications Engineer,Hocacep,CT,ER,23.74583,-176.8554
43,(667) 711-4128,gmail,Horticulturist,Jopiapa,TN,CV,-48.27165,99.16163
57,(713) 947-8164,gmail,Copyright Attorney,Wesrekcim,VA,UZ,4.50603,-135.29811
48,(300) 665-5719,gmail,Golf Club Manager,Ekvuzi,MS,LB,30.51015,-67.60388
32,(979) 219-3356,gmail,Entrepreneur,Laposeni,IN,CR,-79.46682,76.19937
65,(958) 976-3798,gmail,Program Manager,Vufvavida,NJ,MG,66.27611,137.29458
33,(427) 306-5825,gmail,Day Care Instructor,Boojoja,AK,SO,47.63407,23.12451
34,(815) 533-4746,gmail,Environmental Attorney,Vukabziz,WV,RU,26.74604,-35.87389
27,(830) 337-4757,gmail,Pharmacist,Kicubot,ID,NE,68.57686,-165.25638